{"epoch": [1, 2, 3, 4, 5, 6, 7, 8, 9, 10, 11, 12, 13, 14, 15, 16, 17, 18, 19, 20, 21, 22, 23, 24, 25, 26, 27, 28, 29, 30, 31, 32, 33, 34, 35, 36, 37, 38, 39, 40, 41, 42, 43, 44, 45, 46, 47, 48, 49, 50, 51, 52, 53, 54, 55, 56, 57, 58, 59, 60, 61, 62, 63, 64, 65, 66, 67, 68, 69, 70, 71, 72, 73, 74, 75, 76, 77, 78, 79, 80, 81, 82, 83, 84, 85, 86, 87, 88, 89, 90, 91, 92, 93, 94, 95, 96, 97, 98, 99, 100, 101, 102, 103, 104, 105, 106, 107, 108, 109, 110, 111, 112, 113, 114, 115, 116, 117, 118, 119, 120, 121, 122, 123, 124, 125, 126, 127, 128, 129, 130, 131, 132, 133, 134, 135, 136, 137, 138, 139, 140, 141, 142, 143, 144, 145, 146, 147, 148, 149, 150, 151, 152, 153, 154, 155, 156, 157, 158, 159, 160, 161, 162, 163, 164, 165, 166, 167, 168, 169, 170, 171, 172, 173, 174, 175, 176, 177, 178, 179, 180, 181, 182, 183, 184, 185, 186, 187, 188, 189, 190, 191, 192, 193, 194, 195, 196, 197, 198, 199, 200, 201, 202, 203, 204, 205, 206, 207, 208, 209, 210, 211, 212, 213, 214, 215, 216, 217, 218, 219, 220, 221, 222, 223, 224, 225, 226, 227, 228, 229, 230, 231, 232, 233, 234, 235, 236, 237, 238, 239, 240, 241, 242, 243, 244, 245, 246, 247, 248, 249, 250, 251, 252, 253, 254, 255, 256, 257, 258, 259, 260, 261, 262, 263], "train_w": [14151.58865031258, 8159.673299820697, 6384.695464587602, 3814.3161000736422, 1940.7189961417776, 1115.5607294801805, 904.1376372790727, 992.5927576784228, 1110.1927360159452, 1180.628909251729, 1315.291199731045, 1482.515830118148, 1768.815197553791, 1936.3354802366164, 2053.9888195600665, 2159.2702996926228, 2119.954014512359, 2176.475220727139, 2298.9243654344905, 2162.321829373719, 2160.1011422579404, 2306.5551107437886, 2169.3275426645746, 2180.2346991867316, 2157.8476162269467, 2173.450481477331, 2174.4525206518956, 2209.923752081199, 2196.6680067719008, 2260.7922243212092, 2352.9319468013578, 2292.2493516265367, 2423.429061139216, 2368.25793256916, 2457.7006956006658, 2428.077200467469, 2429.0421742923922, 2339.101080222208, 2369.496255843366, 2337.843505859375, 2327.6795414158555, 2339.8221315477717, 2358.384223312628, 2364.2383252753584, 2522.53487808978, 2540.709348584785, 2519.4458448066084, 2588.866431064293, 2644.8798467917522, 2616.4558465676228, 2656.814395091573, 2701.0056072297643, 2671.2077856845544, 2679.1285580494364, 2715.337938652664, 2719.507888543801, 2796.6490618596313, 2802.5228891841703, 2890.2870773565573, 2952.410716572746, 2927.9655361488217, 2999.55480756916, 3016.0444496029713, 3011.879074346824, 3009.4717717405224, 3093.4398473520746, 3126.364357870133, 3107.9955854572236, 3135.9301597720287, 3144.012767353996, 3184.9371758132684, 3150.925709208504, 3182.56457319416, 3213.26098232582, 3187.9133180712092, 3212.5143922899592, 3325.242679783555, 3305.501829053535, 3367.4255010886272, 3308.791355820953, 3409.5598304623463, 3399.919921875, 3461.1268250512294, 3450.9667408427254, 3555.4202940893956, 3555.6840179943647, 3473.6447113537397, 3584.491086866035, 3622.4924876728996, 3611.9582119300717, 3539.7121261846823, 3718.140280801742, 3600.0724217149077, 3718.821561219262, 3681.7625312179816, 3710.489525966957, 3731.423704053535, 3746.5999935963114, 3742.033227138832, 3733.2876616931353, 3801.604079950051, 3877.8034507876537, 3866.0337234246927, 3827.9432673219776, 3738.549958776255, 3829.4531129930842, 3808.0873623206967, 3874.709300557121, 3832.568771612449, 3992.9254490586577, 4007.9882972592213, 3989.9500592341187, 3941.123851338371, 3929.116262967469, 3918.82642001793, 4068.22986039959, 4073.783519307121, 4028.3204966060453, 4108.782614786117, 4058.4371157786886, 4078.2330942622953, 4104.2080838563015, 4014.3058641777666, 4216.830510373976, 4145.438300461065, 4196.163490170338, 4258.114057697234, 4185.712530417521, 4218.252293320953, 4278.27288918417, 4249.172139152151, 4316.2685306736685, 4363.816718429815, 4299.9394771388315, 4310.5360607710045, 4326.581594998719, 4420.227447009477, 4360.370373335041, 4343.411116803279, 4488.286168833248, 4494.916355820953, 4512.644355148565, 4459.506743884477, 4498.533507300205, 4521.7857686027155, 4363.74017434042, 4430.419921875, 4503.879342501281, 4561.580622438524, 4621.396984663166, 4515.620573450307, 4708.116687211834, 4484.869776991547, 4570.565193551485, 4596.915803502818, 4651.381139536373, 4477.908495293289, 4628.450787653688, 4656.860735783812, 4537.438372502562, 4526.430467949539, 4747.05834560707, 4695.556600601947, 4797.239842149078, 4755.624671810963, 4760.59180487961, 4886.072789926998, 4771.524450083248, 4868.754598648822, 4957.352975313781, 4868.522056704662, 4861.783491290984, 4909.966492699795, 5087.571673283812, 5058.757184138063, 4971.26195888832, 4927.745429367315, 4926.6075939741295, 4987.65227571081, 5072.388643858862, 5071.287793769211, 5072.573846535604, 5074.333828285092, 5082.843293737193, 5060.121185803023, 5165.224945568648, 5115.057405065318, 5164.280973840932, 5158.257124103484, 5233.2818103227455, 5172.654004706711, 5166.155765721055, 5339.207227362961, 5155.938576620133, 5248.243312147797, 5227.0596423539955, 5223.550040823515, 5344.438460553279, 5378.745369332735, 5306.2678462794565, 5366.570392546107, 5399.076872278432, 5234.0176981941595, 5385.011194448002, 5306.833151895492, 5392.728955878586, 5443.9174044249485, 5345.99676213499, 5428.1629658683405, 5396.747198386271, 5410.143754802766, 5579.133064645235, 5639.061331326844, 5589.818911693135, 5553.19969902664, 5521.801693775615, 5591.2032930968235, 5659.545294089396, 5568.304947649846, 5681.6633540919565, 5646.888759925717, 5676.474081070697, 5611.328457191342, 5733.985447617828, 5835.511070376537, 5791.297811539447, 5837.559834464651, 5717.609082831711, 5968.021632460297, 5827.713763127562, 5753.50365810707, 5904.498551165471, 5754.02081599001, 5778.171931032274, 5819.353699731045, 5987.219542456455, 6010.837354316086, 5815.560746990266, 5963.352394979508, 5953.681936795594, 5945.030209400615, 5932.793392994365, 5899.777992123463, 6051.680696080943, 6091.253009733607, 5856.712242251537, 6113.883604956455, 6043.80841364626, 6034.078209048412, 6102.2650166495905, 6194.693743596312, 6248.831558977971, 6189.522705078125, 6249.608174308401, 6259.471639664447, 6182.30956230789, 6154.977138831967, 6137.764492347592, 6225.319872246414, 6290.832615586578, 6435.22705078125, 6427.270860015369, 6330.967053022541],