{"epoch": [1, 2, 3, 4, 5, 6, 7, 8, 9, 10, 11, 12, 13, 14, 15, 16, 17, 18, 19, 20, 21, 22, 23, 24, 25, 26, 27, 28, 29, 30, 31, 32, 33, 34, 35, 36, 37, 38, 39, 40, 41, 42, 43, 44, 45, 46, 47, 48, 49, 50, 51, 52, 53, 54, 55, 56, 57, 58, 59, 60, 61, 62, 63, 64, 65, 66, 67, 68, 69, 70, 71, 72, 73, 74, 75, 76, 77, 78, 79, 80, 81, 82, 83, 84, 85, 86, 87, 88, 89, 90, 91, 92, 93, 94, 95, 96, 97, 98, 99, 100, 101, 102, 103, 104, 105, 106, 107, 108, 109, 110, 111, 112, 113, 114, 115, 116, 117, 118, 119, 120, 121, 122, 123, 124, 125, 126, 127, 128, 129, 130, 131, 132, 133, 134, 135, 136, 137, 138, 139, 140, 141, 142, 143, 144, 145, 146, 147, 148, 149, 150, 151, 152, 153, 154, 155, 156, 157, 158, 159, 160, 161, 162, 163, 164, 165, 166, 167, 168, 169, 170, 171, 172, 173, 174, 175, 176, 177, 178, 179, 180, 181, 182, 183, 184, 185, 186, 187, 188, 189, 190, 191, 192, 193, 194, 195, 196, 197, 198, 199, 200, 201, 202, 203, 204, 205, 206, 207, 208, 209, 210, 211, 212, 213, 214, 215, 216, 217, 218, 219, 220, 221, 222, 223, 224, 225, 226, 227, 228, 229, 230, 231, 232, 233, 234, 235, 236, 237, 238, 239, 240, 241, 242, 243, 244, 245, 246, 247, 248, 249, 250, 251, 252, 253, 254, 255, 256, 257, 258, 259, 260, 261, 262, 263, 264, 265, 266, 267, 268, 269, 270, 271, 272, 273, 274, 275, 276, 277, 278, 279, 280, 281, 282, 283, 284, 285, 286, 287, 288], "train_w": [2266.979726806054, 706.3702002892128, 579.2272122309759, 595.257842372014, 554.0578853900616, 493.6165956497192, 453.67738207303563, 401.0551181939932, 350.5862412746136, 338.0702151958759, 310.89693987919736, 304.4068695215079, 293.0353627424974, 289.6374449216402, 277.4374865898719, 266.505098592318, 267.0001240656926, 269.17864393087535, 267.37669243445765, 253.53257970076342, 250.2678894336407, 246.03919839125413, 245.428869672922, 257.09188804626467, 251.24835228553184, 244.51754137185904, 244.78630203100352, 246.1146768936744, 254.70607632857102, 244.61694798102747, 238.7150040113009, 239.14410451008723, 238.9150962316073, 234.26603304056022, 230.59427320773784, 231.33053538982685, 234.64436528866108, 231.27935296572173, 232.6476254243117, 235.38925370436448, 228.69569443922776, 235.60220452088575, 234.43724903693567, 229.6823401084313, 227.78450252826397, 229.65842615274283, 230.6823575239915, 229.62647893612203, 225.36090506040134, 218.7046937428988, 212.48066779650173, 225.67541576532219, 220.1559838955219, 215.6869857641367, 223.51301074394814, 215.96003360014694, 223.19927881681002, 223.69658919114332, 223.19907418764555, 228.23775923802302, 224.77819595336913, 224.10531386595505, 226.7729252081651, 224.00275194461528, 224.96512812100923, 221.76985941666823, 230.60032692689163, 224.79000642483052, 234.37661314744216, 223.06563359774077, 217.71305013803337, 227.13384261498084, 227.67450875502365, 216.00667947622446, 229.3869686126709, 225.31158710626457, 223.34523899371808, 226.2824017891517, 230.17890673417313, 220.90632107074444, 230.9709169094379, 219.8146690955529, 228.16162073428814, 223.04416891244742, 215.43385117604183, 218.231564110976, 218.09832226679876, 217.8682064789992, 217.8507443501399, 212.96620605175312, 213.29243034216074, 211.42009581785936, 216.15975786355827, 217.41905342982366, 214.44170333422147, 216.216027369866, 216.5737439228938, 215.00635987061722, 216.474448629526, 217.07890632335958, 215.1175533074599, 216.23944014035737, 218.80182565542367, 215.83367859767034, 214.7480805690472, 218.1402620462271, 215.3766062076275, 222.31109161376952, 223.5627493931697, 219.58211300923273, 217.61779858515814, 221.39141308711126, 219.72965803146363, 216.97827867361215, 219.6289022739117, 222.83450943139883, 217.53306864958543, 217.3117124410776, 218.7807763026311, 220.35054220052865, 215.09256953459519, 214.61327444956854, 215.82729534736046, 220.19722493978648, 214.49957697208112, 216.09538379082312, 220.65407612873958, 218.2440711901738, 220.2258940916795, 215.23097437345064, 221.11886854905347, 225.54561006105862, 221.7247226715088, 218.04302173027625, 216.30798168182372, 222.0458827165457, 219.19835070830126, 219.10575185922477, 217.80935224386363, 224.2284123640794, 223.40417113670935, 216.6394180224492, 218.80168551665085, 220.06365586060744, 217.57047279064471, 215.35050356938288, 222.85887502523568, 223.04190908578727, 213.8951843408438, 213.5482511153588, 213.65014900794395, 214.1805574123676, 216.35139917226937, 170.91228308310875, 111.18474082579979, 111.67911394192622, 105.1232486137977, 105.725713964609, 106.68670669702384, 107.35073397709773, 111.20801206735464, 110.77692021590013, 112.49724015455979, 111.15179040615375, 110.71652333186223, 109.68178564218374, 110.71279486876267, 109.57803156009088, 113.90976855938251, 113.22956125552838, 111.86895883266743, 113.43766976136428, 116.36786028055045, 115.5599534694965, 116.0971514921922, 116.0961804316594, 116.12099531613863, 114.54294002239521, 113.69939431410569, 114.69542301618137, 115.79202120854305, 115.61758532157312, 113.70349339705247, 114.67944688063402, 110.5213229399461, 112.68730353575486, 113.3511152285796, 109.27890746410077, 109.1396871310014, 108.5042759528527, 110.46120767593384, 110.01343380121084, 111.08772897720337, 108.7067149235652, 109.30391335854164, 108.4465175628662, 106.4993171618535, 109.31803118632389, 110.409407718365, 112.47101030349731, 110.85340518217821, 109.88068797771747, 109.50079668852, 107.84566403168898, 108.8780390390983, 105.49048832013057, 106.05394833638118, 107.94009927236117, 107.55315767068129, 107.57838244071374, 106.36040756519024, 107.29236407646766, 105.90528849821824, 105.92349700927734, 107.31630696516771, 107.48066623577705, 106.86881757882925, 106.33152921016399, 106.14960373364963, 105.13424229621887, 105.50232490392831, 105.5252380664532, 106.0602879010714, 107.01468935746414, 107.25610630328839, 105.53726150072538, 105.07619919593517, 106.79798092475305, 107.59218242351825, 105.5070751777062, 107.0543404505803, 106.46956320542556, 107.14483880263109, 108.93674104397114, 106.79509689624493, 108.19697325046246, 108.13036387516902, 109.76809558868408, 107.72764996198508, 108.84089950414804, 109.7423461473905, 107.74643988059117, 109.09799908491281, 108.04378262299758, 110.13655436772567, 108.31051368713379, 109.51264550135686, 108.02627655909612, 109.2809369454017, 109.08063945770263, 111.20697982494647, 109.06091380486122, 110.99076085457435, 109.83793364121364, 112.21230900104229, 112.51027366198026, 112.29306259155274, 111.68997910389534, 111.82021071360661, 112.45312315867497, 112.63059997925392, 112.94700531592736, 109.90644180591289, 111.85685427005474, 111.6449780024015, 111.18133401137132, 110.57044095993042, 110.65639158762419, 112.11642158765059, 111.41519623169532, 111.33769652660077, 109.93232318438017, 112.36411044781025, 111.44958864358755, 110.98882984748253, 109.88687067765456, 109.77128658661475, 109.02184647046603, 110.18839627412649, 106.84685328556941, 107.7746647284581, 108.30168926532451, 108.54641912900485, 106.70158429879409, 107.37340212601882, 109.73855211551373, 107.27145547133226, 104.19900426131028],